test	genome_count	replicate	tool	seconds	ram_kb	input_length	output_length	output_md5sum
invariant site removal	10	1	Core-SNP-Filter	0.57	51304	4809037	1082	7b446afef31ea5bd02493a2ffad3b91f
invariant site removal	10	1	snp-sites	0.36	15988	4809037	1082	7b446afef31ea5bd02493a2ffad3b91f
invariant site removal	10	1	goalign 1 thread	4.71	362820	4809037	1082	7b446afef31ea5bd02493a2ffad3b91f
invariant site removal	10	1	goalign 16 threads	5.04	347368	4809037	1082	7b446afef31ea5bd02493a2ffad3b91f
95 core	10	1	Core-SNP-Filter	0.00	2672	1082	954	438a7213be6818b479032ed27b0bbe8c
95 core	10	1	goalign 1 thread	0.00	10224	1082	954	438a7213be6818b479032ed27b0bbe8c
95 core	10	1	goalign 16 threads	0.11	10064	1082	954	438a7213be6818b479032ed27b0bbe8c
95 core	10	1	trimal	0.00	3724	1082	954	438a7213be6818b479032ed27b0bbe8c
invariant site removal	18	1	Core-SNP-Filter	0.98	50240	4809037	1698	3a202304311fa0297796d5c1c7f978f0
invariant site removal	18	1	snp-sites	0.67	15944	4809037	1698	3a202304311fa0297796d5c1c7f978f0
invariant site removal	18	1	goalign 1 thread	6.21	473632	4809037	1698	3a202304311fa0297796d5c1c7f978f0
invariant site removal	18	1	goalign 16 threads	6.45	447336	4809037	1698	3a202304311fa0297796d5c1c7f978f0
95 core	18	1	Core-SNP-Filter	0.00	2696	1698	1465	6e88ee5537abe0f5ad6d93aee05956d9
95 core	18	1	goalign 1 thread	0.11	11164	1698	1465	6e88ee5537abe0f5ad6d93aee05956d9
95 core	18	1	goalign 16 threads	0.00	11216	1698	1465	6e88ee5537abe0f5ad6d93aee05956d9
95 core	18	1	trimal	0.00	3748	1698	1465	6e88ee5537abe0f5ad6d93aee05956d9
invariant site removal	32	1	Core-SNP-Filter	1.66	50316	4809037	2568	11eaa1b458bae5c5bc07db2ff032adfb
invariant site removal	32	1	snp-sites	1.10	15880	4809037	2568	11eaa1b458bae5c5bc07db2ff032adfb
invariant site removal	32	1	goalign 1 thread	8.94	710612	4809037	2568	11eaa1b458bae5c5bc07db2ff032adfb
invariant site removal	32	1	goalign 16 threads	8.76	536308	4809037	2568	11eaa1b458bae5c5bc07db2ff032adfb
95 core	32	1	Core-SNP-Filter	0.00	2584	2568	2221	ce6f1ba08968cadde4e7f22853d5c490
95 core	32	1	goalign 1 thread	0.00	13220	2568	2221	ce6f1ba08968cadde4e7f22853d5c490
95 core	32	1	goalign 16 threads	0.02	12784	2568	2221	ce6f1ba08968cadde4e7f22853d5c490
95 core	32	1	trimal	0.00	4036	2568	2221	79e0634f63c96258385d628fb6165944
invariant site removal	56	1	Core-SNP-Filter	2.84	50376	4809037	3095	d5be966dc42fa945c480722fc95a8b88
invariant site removal	56	1	snp-sites	1.93	16080	4809037	3095	d5be966dc42fa945c480722fc95a8b88
invariant site removal	56	1	goalign 1 thread	12.73	804876	4809037	3095	d5be966dc42fa945c480722fc95a8b88
invariant site removal	56	1	goalign 16 threads	12.93	763476	4809037	3095	d5be966dc42fa945c480722fc95a8b88
95 core	56	1	Core-SNP-Filter	0.00	2572	3095	2517	f8a60d5af49d01f6ba41a5826393db06
95 core	56	1	goalign 1 thread	0.01	13240	3095	2517	f8a60d5af49d01f6ba41a5826393db06
95 core	56	1	goalign 16 threads	0.01	13240	3095	2517	f8a60d5af49d01f6ba41a5826393db06
95 core	56	1	trimal	0.01	4200	3095	2517	dd40d658cd86d95a3501f5d018b4b87a
invariant site removal	100	1	Core-SNP-Filter	4.97	50348	4809037	3844	71a4ae61417b997d305142ef182fcb21
invariant site removal	100	1	snp-sites	3.47	16224	4809037	3844	71a4ae61417b997d305142ef182fcb21
invariant site removal	100	1	goalign 1 thread	20.65	1190284	4809037	3844	71a4ae61417b997d305142ef182fcb21
invariant site removal	100	1	goalign 16 threads	22.22	1122068	4809037	3844	71a4ae61417b997d305142ef182fcb21
95 core	100	1	Core-SNP-Filter	0.00	2704	3844	3272	055cc1a61d617ccae2834dcd4c1da474
95 core	100	1	goalign 1 thread	0.02	15472	3844	3272	055cc1a61d617ccae2834dcd4c1da474
95 core	100	1	goalign 16 threads	0.02	15696	3844	3272	055cc1a61d617ccae2834dcd4c1da474
95 core	100	1	trimal	0.03	4624	3844	3272	e192d7b242d17c4c9fce3f774c70e21e
invariant site removal	180	1	Core-SNP-Filter	8.90	50532	4809037	6139	7b30838cc901ee7f65a8df0a02a05f8a
invariant site removal	180	1	snp-sites	6.50	16328	4809037	6139	7b30838cc901ee7f65a8df0a02a05f8a
invariant site removal	180	1	goalign 1 thread	39.07	1777444	4809037	6139	7b30838cc901ee7f65a8df0a02a05f8a
invariant site removal	180	1	goalign 16 threads	38.30	1784364	4809037	6139	7b30838cc901ee7f65a8df0a02a05f8a
95 core	180	1	Core-SNP-Filter	0.01	2736	6139	5168	e18ec7bc541fe6350691cd44073231b5
95 core	180	1	goalign 1 thread	0.04	20600	6139	5168	e18ec7bc541fe6350691cd44073231b5
95 core	180	1	goalign 16 threads	0.04	19164	6139	5168	e18ec7bc541fe6350691cd44073231b5
95 core	180	1	trimal	0.09	7136	6139	5168	4248309c6d16906399e55771b99e8236
invariant site removal	320	1	Core-SNP-Filter	15.65	50760	4809037	8048	76654901e7c67f887513487295bf7e3a
invariant site removal	320	1	snp-sites	11.46	18096	4809037	8048	76654901e7c67f887513487295bf7e3a
invariant site removal	320	1	goalign 1 thread	65.08	2912972	4809037	8048	76654901e7c67f887513487295bf7e3a
invariant site removal	320	1	goalign 16 threads	72.33	2946876	4809037	8048	76654901e7c67f887513487295bf7e3a
95 core	320	1	Core-SNP-Filter	0.03	2692	8048	6688	b8b8d20dfbb15e31e18e630938e5bcb9
95 core	320	1	goalign 1 thread	0.10	27516	8048	6688	b8b8d20dfbb15e31e18e630938e5bcb9
95 core	320	1	goalign 16 threads	0.11	29464	8048	6688	b8b8d20dfbb15e31e18e630938e5bcb9
95 core	320	1	trimal	0.20	10552	8048	6688	7c4d019b311f83a9b4d9293af401758a
invariant site removal	560	1	Core-SNP-Filter	27.25	50632	4809037	14655	8b977e1d6f484f8a5262dfd045261bc2
invariant site removal	560	1	snp-sites	19.42	23800	4809037	14655	8b977e1d6f484f8a5262dfd045261bc2
invariant site removal	560	1	goalign 1 thread	132.12	4885252	4809037	14655	8b977e1d6f484f8a5262dfd045261bc2
invariant site removal	560	1	goalign 16 threads	124.94	4915824	4809037	14655	8b977e1d6f484f8a5262dfd045261bc2
95 core	560	1	Core-SNP-Filter	0.10	2688	14655	13055	907bf509f0e0aaa8817ede8e54538031
95 core	560	1	goalign 1 thread	0.32	45312	14655	13055	907bf509f0e0aaa8817ede8e54538031
95 core	560	1	goalign 16 threads	0.31	55832	14655	13055	907bf509f0e0aaa8817ede8e54538031
95 core	560	1	trimal	0.63	27208	14655	13055	4098ac228356b616467a9753e1030402
invariant site removal	1000	1	Core-SNP-Filter	48.46	52400	4809037	26123	116520f8d6297c405e49b72915620b20
invariant site removal	1000	1	snp-sites	36.47	39568	4809037	26123	116520f8d6297c405e49b72915620b20
invariant site removal	1000	1	goalign 1 thread	236.91	8028540	4809037	26123	116520f8d6297c405e49b72915620b20
invariant site removal	1000	1	goalign 16 threads	245.55	8361640	4809037	26123	116520f8d6297c405e49b72915620b20
95 core	1000	1	Core-SNP-Filter	0.29	2624	26123	23679	3f0ccd0908ec02052e35fb335bcb9ab8
95 core	1000	1	goalign 1 thread	0.96	171700	26123	23679	3f0ccd0908ec02052e35fb335bcb9ab8
95 core	1000	1	goalign 16 threads	0.94	162616	26123	23679	3f0ccd0908ec02052e35fb335bcb9ab8
95 core	1000	1	trimal	2.03	82072	26123	23679	ef5b537ec930a220415ed7bd60af28be
invariant site removal	1800	1	Core-SNP-Filter	87.34	50408	4809037	28785	bdefcb13ac59b22a276da2614ebe0b1d
invariant site removal	1800	1	snp-sites	66.20	66432	4809037	28785	bdefcb13ac59b22a276da2614ebe0b1d
invariant site removal	1800	1	goalign 1 thread	462.28	15076384	4809037	28785	bdefcb13ac59b22a276da2614ebe0b1d
invariant site removal	1800	1	goalign 16 threads	465.10	14936932	4809037	28785	bdefcb13ac59b22a276da2614ebe0b1d
95 core	1800	1	Core-SNP-Filter	0.60	2780	28785	26409	383dca7de100c82c895c2af15595db13
95 core	1800	1	goalign 1 thread	2.16	284684	28785	26409	383dca7de100c82c895c2af15595db13
95 core	1800	1	goalign 16 threads	2.27	312968	28785	26409	383dca7de100c82c895c2af15595db13
95 core	1800	1	trimal	4.05	155476	28785	26409	0a6d74d18a27ad805b3314bd5700abd3
invariant site removal	3200	1	Core-SNP-Filter	155.27	52244	4809037	39768	9e7695cea5ba11409cbcadc2517b5c4e
invariant site removal	3200	1	snp-sites	110.66	145332	4809037	39768	9e7695cea5ba11409cbcadc2517b5c4e
invariant site removal	3200	1	goalign 1 thread	1173.28	26842824	4809037	39768	9e7695cea5ba11409cbcadc2517b5c4e
invariant site removal	3200	1	goalign 16 threads	1196.06	26530896	4809037	39768	9e7695cea5ba11409cbcadc2517b5c4e
95 core	3200	1	Core-SNP-Filter	1.57	3012	39768	36646	43eeb222e0fa10d3310d5bbde923ab2c
95 core	3200	1	goalign 1 thread	6.64	684192	39768	36646	43eeb222e0fa10d3310d5bbde923ab2c
95 core	3200	1	goalign 16 threads	8.55	658268	39768	36646	43eeb222e0fa10d3310d5bbde923ab2c
95 core	3200	1	trimal	10.63	409996	39768	36646	c65720a3ae9281d5dbe9f627e4b83329
invariant site removal	5600	1	Core-SNP-Filter	272.46	50868	4809037	53786	950810bd939d03607f7e68b99fe1b151
invariant site removal	5600	1	snp-sites	193.95	318212	4809037	53786	950810bd939d03607f7e68b99fe1b151
invariant site removal	5600	1	goalign 1 thread	3858.86	43529256	4809037	53786	950810bd939d03607f7e68b99fe1b151
invariant site removal	5600	1	goalign 16 threads	4037.44	46871020	4809037	53786	950810bd939d03607f7e68b99fe1b151
95 core	5600	1	Core-SNP-Filter	3.39	3132	53786	50163	4508f91d1905c95bdac58cb70267f0bf
95 core	5600	1	goalign 1 thread	26.45	2012984	53786	50163	4508f91d1905c95bdac58cb70267f0bf
95 core	5600	1	goalign 16 threads	28.18	1967132	53786	50163	4508f91d1905c95bdac58cb70267f0bf
95 core	5600	1	trimal	25.88	903548	53786	50163	ccbe2e336e37aca797015bcab2bb7068
invariant site removal	10000	1	Core-SNP-Filter	514.23	50768	4809037	68963	c089e22a9751869f7814920c161d092e
invariant site removal	10000	1	snp-sites	345.62	708988	4809037	68963	c089e22a9751869f7814920c161d092e
invariant site removal	10000	1	goalign 1 thread	8802.42	81712128	4809037	68963	c089e22a9751869f7814920c161d092e
invariant site removal	10000	1	goalign 16 threads	10503.34	83813624	4809037	68963	c089e22a9751869f7814920c161d092e
95 core	10000	1	Core-SNP-Filter	7.99	3152	68963	64995	98ec4e494f111bde5fd6b27373a1afe4
95 core	10000	1	goalign 1 thread	62.20	4200768	68963	64995	98ec4e494f111bde5fd6b27373a1afe4
95 core	10000	1	goalign 16 threads	65.06	4281568	68963	64995	98ec4e494f111bde5fd6b27373a1afe4
95 core	10000	1	trimal	61.94	2268872	68963	64995	e6598ca75fdcf85d05b1acf4d03208e1
invariant site removal	10	2	Core-SNP-Filter	0.59	50324	4809037	1082	7b446afef31ea5bd02493a2ffad3b91f
invariant site removal	10	2	snp-sites	0.41	15976	4809037	1082	7b446afef31ea5bd02493a2ffad3b91f
invariant site removal	10	2	goalign 1 thread	4.77	436592	4809037	1082	7b446afef31ea5bd02493a2ffad3b91f
invariant site removal	10	2	goalign 16 threads	4.92	419348	4809037	1082	7b446afef31ea5bd02493a2ffad3b91f
95 core	10	2	Core-SNP-Filter	0.00	2640	1082	954	438a7213be6818b479032ed27b0bbe8c
95 core	10	2	goalign 1 thread	0.00	11104	1082	954	438a7213be6818b479032ed27b0bbe8c
95 core	10	2	goalign 16 threads	0.00	9836	1082	954	438a7213be6818b479032ed27b0bbe8c
95 core	10	2	trimal	0.00	3556	1082	954	438a7213be6818b479032ed27b0bbe8c
invariant site removal	18	2	Core-SNP-Filter	0.97	52228	4809037	1698	3a202304311fa0297796d5c1c7f978f0
invariant site removal	18	2	snp-sites	0.67	15868	4809037	1698	3a202304311fa0297796d5c1c7f978f0
invariant site removal	18	2	goalign 1 thread	6.24	488468	4809037	1698	3a202304311fa0297796d5c1c7f978f0
invariant site removal	18	2	goalign 16 threads	6.35	477316	4809037	1698	3a202304311fa0297796d5c1c7f978f0
95 core	18	2	Core-SNP-Filter	0.00	2636	1698	1465	6e88ee5537abe0f5ad6d93aee05956d9
95 core	18	2	goalign 1 thread	0.00	10432	1698	1465	6e88ee5537abe0f5ad6d93aee05956d9
95 core	18	2	goalign 16 threads	0.00	13640	1698	1465	6e88ee5537abe0f5ad6d93aee05956d9
95 core	18	2	trimal	0.00	3752	1698	1465	6e88ee5537abe0f5ad6d93aee05956d9
invariant site removal	32	2	Core-SNP-Filter	1.69	51216	4809037	2568	11eaa1b458bae5c5bc07db2ff032adfb
invariant site removal	32	2	snp-sites	1.13	15936	4809037	2568	11eaa1b458bae5c5bc07db2ff032adfb
invariant site removal	32	2	goalign 1 thread	8.83	601636	4809037	2568	11eaa1b458bae5c5bc07db2ff032adfb
invariant site removal	32	2	goalign 16 threads	8.92	525964	4809037	2568	11eaa1b458bae5c5bc07db2ff032adfb
95 core	32	2	Core-SNP-Filter	0.00	2620	2568	2221	ce6f1ba08968cadde4e7f22853d5c490
95 core	32	2	goalign 1 thread	0.00	13228	2568	2221	ce6f1ba08968cadde4e7f22853d5c490
95 core	32	2	goalign 16 threads	0.01	11820	2568	2221	ce6f1ba08968cadde4e7f22853d5c490
95 core	32	2	trimal	0.00	3828	2568	2221	79e0634f63c96258385d628fb6165944
invariant site removal	56	2	Core-SNP-Filter	2.82	51956	4809037	3095	d5be966dc42fa945c480722fc95a8b88
invariant site removal	56	2	snp-sites	2.04	16216	4809037	3095	d5be966dc42fa945c480722fc95a8b88
invariant site removal	56	2	goalign 1 thread	13.52	867208	4809037	3095	d5be966dc42fa945c480722fc95a8b88
invariant site removal	56	2	goalign 16 threads	13.65	764128	4809037	3095	d5be966dc42fa945c480722fc95a8b88
95 core	56	2	Core-SNP-Filter	0.01	2672	3095	2517	f8a60d5af49d01f6ba41a5826393db06
95 core	56	2	goalign 1 thread	0.01	12088	3095	2517	f8a60d5af49d01f6ba41a5826393db06
95 core	56	2	goalign 16 threads	0.01	13780	3095	2517	f8a60d5af49d01f6ba41a5826393db06
95 core	56	2	trimal	0.01	4200	3095	2517	dd40d658cd86d95a3501f5d018b4b87a
invariant site removal	100	2	Core-SNP-Filter	4.95	51740	4809037	3844	71a4ae61417b997d305142ef182fcb21
invariant site removal	100	2	snp-sites	3.30	16268	4809037	3844	71a4ae61417b997d305142ef182fcb21
invariant site removal	100	2	goalign 1 thread	20.92	1212700	4809037	3844	71a4ae61417b997d305142ef182fcb21
invariant site removal	100	2	goalign 16 threads	22.64	1123216	4809037	3844	71a4ae61417b997d305142ef182fcb21
95 core	100	2	Core-SNP-Filter	0.00	2712	3844	3272	055cc1a61d617ccae2834dcd4c1da474
95 core	100	2	goalign 1 thread	0.02	16232	3844	3272	055cc1a61d617ccae2834dcd4c1da474
95 core	100	2	goalign 16 threads	0.02	15136	3844	3272	055cc1a61d617ccae2834dcd4c1da474
95 core	100	2	trimal	0.03	4524	3844	3272	e192d7b242d17c4c9fce3f774c70e21e
invariant site removal	180	2	Core-SNP-Filter	8.80	52204	4809037	6139	7b30838cc901ee7f65a8df0a02a05f8a
invariant site removal	180	2	snp-sites	6.51	16120	4809037	6139	7b30838cc901ee7f65a8df0a02a05f8a
invariant site removal	180	2	goalign 1 thread	37.57	1774704	4809037	6139	7b30838cc901ee7f65a8df0a02a05f8a
invariant site removal	180	2	goalign 16 threads	37.15	1781344	4809037	6139	7b30838cc901ee7f65a8df0a02a05f8a
95 core	180	2	Core-SNP-Filter	0.06	2648	6139	5168	e18ec7bc541fe6350691cd44073231b5
95 core	180	2	goalign 1 thread	0.05	19972	6139	5168	e18ec7bc541fe6350691cd44073231b5
95 core	180	2	goalign 16 threads	0.04	20688	6139	5168	e18ec7bc541fe6350691cd44073231b5
95 core	180	2	trimal	0.08	7096	6139	5168	4248309c6d16906399e55771b99e8236
invariant site removal	320	2	Core-SNP-Filter	15.64	53056	4809037	8048	76654901e7c67f887513487295bf7e3a
invariant site removal	320	2	snp-sites	11.39	17736	4809037	8048	76654901e7c67f887513487295bf7e3a
invariant site removal	320	2	goalign 1 thread	72.01	2924796	4809037	8048	76654901e7c67f887513487295bf7e3a
invariant site removal	320	2	goalign 16 threads	69.50	2957220	4809037	8048	76654901e7c67f887513487295bf7e3a
95 core	320	2	Core-SNP-Filter	0.03	2660	8048	6688	b8b8d20dfbb15e31e18e630938e5bcb9
95 core	320	2	goalign 1 thread	0.11	25588	8048	6688	b8b8d20dfbb15e31e18e630938e5bcb9
95 core	320	2	goalign 16 threads	0.10	32800	8048	6688	b8b8d20dfbb15e31e18e630938e5bcb9
95 core	320	2	trimal	0.20	10608	8048	6688	7c4d019b311f83a9b4d9293af401758a
invariant site removal	560	2	Core-SNP-Filter	27.34	50668	4809037	14655	8b977e1d6f484f8a5262dfd045261bc2
invariant site removal	560	2	snp-sites	19.67	22128	4809037	14655	8b977e1d6f484f8a5262dfd045261bc2
invariant site removal	560	2	goalign 1 thread	136.10	4884200	4809037	14655	8b977e1d6f484f8a5262dfd045261bc2
invariant site removal	560	2	goalign 16 threads	131.45	4920740	4809037	14655	8b977e1d6f484f8a5262dfd045261bc2
95 core	560	2	Core-SNP-Filter	0.09	2740	14655	13055	907bf509f0e0aaa8817ede8e54538031
95 core	560	2	goalign 1 thread	0.32	43624	14655	13055	907bf509f0e0aaa8817ede8e54538031
95 core	560	2	goalign 16 threads	0.30	58592	14655	13055	907bf509f0e0aaa8817ede8e54538031
95 core	560	2	trimal	0.63	27204	14655	13055	4098ac228356b616467a9753e1030402
invariant site removal	1000	2	Core-SNP-Filter	48.67	52100	4809037	26123	116520f8d6297c405e49b72915620b20
invariant site removal	1000	2	snp-sites	36.40	43020	4809037	26123	116520f8d6297c405e49b72915620b20
invariant site removal	1000	2	goalign 1 thread	244.81	8059672	4809037	26123	116520f8d6297c405e49b72915620b20
invariant site removal	1000	2	goalign 16 threads	252.21	8376744	4809037	26123	116520f8d6297c405e49b72915620b20
95 core	1000	2	Core-SNP-Filter	0.29	2588	26123	23679	3f0ccd0908ec02052e35fb335bcb9ab8
95 core	1000	2	goalign 1 thread	0.95	172932	26123	23679	3f0ccd0908ec02052e35fb335bcb9ab8
95 core	1000	2	goalign 16 threads	0.93	162628	26123	23679	3f0ccd0908ec02052e35fb335bcb9ab8
95 core	1000	2	trimal	1.99	82112	26123	23679	ef5b537ec930a220415ed7bd60af28be
invariant site removal	1800	2	Core-SNP-Filter	88.72	52948	4809037	28785	bdefcb13ac59b22a276da2614ebe0b1d
invariant site removal	1800	2	snp-sites	66.05	68484	4809037	28785	bdefcb13ac59b22a276da2614ebe0b1d
invariant site removal	1800	2	goalign 1 thread	477.82	14298244	4809037	28785	bdefcb13ac59b22a276da2614ebe0b1d
invariant site removal	1800	2	goalign 16 threads	772.35	14990844	4809037	28785	bdefcb13ac59b22a276da2614ebe0b1d
95 core	1800	2	Core-SNP-Filter	0.58	2744	28785	26409	383dca7de100c82c895c2af15595db13
95 core	1800	2	goalign 1 thread	2.15	294352	28785	26409	383dca7de100c82c895c2af15595db13
95 core	1800	2	goalign 16 threads	3.85	308976	28785	26409	383dca7de100c82c895c2af15595db13
95 core	1800	2	trimal	4.03	155632	28785	26409	0a6d74d18a27ad805b3314bd5700abd3
invariant site removal	3200	2	Core-SNP-Filter	156.53	50664	4809037	39768	9e7695cea5ba11409cbcadc2517b5c4e
invariant site removal	3200	2	snp-sites	110.79	148808	4809037	39768	9e7695cea5ba11409cbcadc2517b5c4e
invariant site removal	3200	2	goalign 1 thread	1115.58	26243620	4809037	39768	9e7695cea5ba11409cbcadc2517b5c4e
invariant site removal	3200	2	goalign 16 threads	1377.47	26287224	4809037	39768	9e7695cea5ba11409cbcadc2517b5c4e
95 core	3200	2	Core-SNP-Filter	1.47	2988	39768	36646	43eeb222e0fa10d3310d5bbde923ab2c
95 core	3200	2	goalign 1 thread	10.55	680224	39768	36646	43eeb222e0fa10d3310d5bbde923ab2c
95 core	3200	2	goalign 16 threads	8.88	653128	39768	36646	43eeb222e0fa10d3310d5bbde923ab2c
95 core	3200	2	trimal	10.62	410080	39768	36646	c65720a3ae9281d5dbe9f627e4b83329
invariant site removal	5600	2	Core-SNP-Filter	305.38	53208	4809037	53786	950810bd939d03607f7e68b99fe1b151
invariant site removal	5600	2	snp-sites	200.12	321804	4809037	53786	950810bd939d03607f7e68b99fe1b151
invariant site removal	5600	2	goalign 1 thread	3857.86	44009136	4809037	53786	950810bd939d03607f7e68b99fe1b151
invariant site removal	5600	2	goalign 16 threads	4837.19	46785196	4809037	53786	950810bd939d03607f7e68b99fe1b151
95 core	5600	2	Core-SNP-Filter	4.35	3176	53786	50163	4508f91d1905c95bdac58cb70267f0bf
95 core	5600	2	goalign 1 thread	26.29	1974768	53786	50163	4508f91d1905c95bdac58cb70267f0bf
95 core	5600	2	goalign 16 threads	26.32	1974536	53786	50163	4508f91d1905c95bdac58cb70267f0bf
95 core	5600	2	trimal	25.75	903556	53786	50163	ccbe2e336e37aca797015bcab2bb7068
invariant site removal	10000	2	Core-SNP-Filter	531.78	51060	4809037	68963	c089e22a9751869f7814920c161d092e
invariant site removal	10000	2	snp-sites	355.56	709872	4809037	68963	c089e22a9751869f7814920c161d092e
invariant site removal	10000	2	goalign 1 thread	10050.91	77796268	4809037	68963	c089e22a9751869f7814920c161d092e
invariant site removal	10000	2	goalign 16 threads	9519.07	83937380	4809037	68963	c089e22a9751869f7814920c161d092e
95 core	10000	2	Core-SNP-Filter	12.14	3168	68963	64995	98ec4e494f111bde5fd6b27373a1afe4
95 core	10000	2	goalign 1 thread	68.72	4257064	68963	64995	98ec4e494f111bde5fd6b27373a1afe4
95 core	10000	2	goalign 16 threads	66.84	3606496	68963	64995	98ec4e494f111bde5fd6b27373a1afe4
95 core	10000	2	trimal	62.02	2268948	68963	64995	e6598ca75fdcf85d05b1acf4d03208e1
invariant site removal	10	3	Core-SNP-Filter	0.67	51752	4809037	1082	7b446afef31ea5bd02493a2ffad3b91f
invariant site removal	10	3	snp-sites	0.37	15852	4809037	1082	7b446afef31ea5bd02493a2ffad3b91f
invariant site removal	10	3	goalign 1 thread	4.82	340000	4809037	1082	7b446afef31ea5bd02493a2ffad3b91f
95 core	10	3	Core-SNP-Filter	0.00	2732	1082	954	438a7213be6818b479032ed27b0bbe8c
95 core	10	3	goalign 1 thread	0.00	10212	1082	954	438a7213be6818b479032ed27b0bbe8c
95 core	10	3	trimal	0.00	3624	1082	954	438a7213be6818b479032ed27b0bbe8c
invariant site removal	18	3	Core-SNP-Filter	0.96	51772	4809037	1698	3a202304311fa0297796d5c1c7f978f0
invariant site removal	18	3	snp-sites	0.63	15944	4809037	1698	3a202304311fa0297796d5c1c7f978f0
invariant site removal	18	3	goalign 1 thread	6.27	454652	4809037	1698	3a202304311fa0297796d5c1c7f978f0
95 core	18	3	Core-SNP-Filter	0.00	2692	1698	1465	6e88ee5537abe0f5ad6d93aee05956d9
95 core	18	3	goalign 1 thread	0.00	13372	1698	1465	6e88ee5537abe0f5ad6d93aee05956d9
95 core	18	3	trimal	0.00	3684	1698	1465	6e88ee5537abe0f5ad6d93aee05956d9
invariant site removal	32	3	Core-SNP-Filter	1.66	51892	4809037	2568	11eaa1b458bae5c5bc07db2ff032adfb
invariant site removal	32	3	snp-sites	1.12	15928	4809037	2568	11eaa1b458bae5c5bc07db2ff032adfb
invariant site removal	32	3	goalign 1 thread	9.05	632756	4809037	2568	11eaa1b458bae5c5bc07db2ff032adfb
95 core	32	3	Core-SNP-Filter	0.00	2632	2568	2221	ce6f1ba08968cadde4e7f22853d5c490
95 core	32	3	goalign 1 thread	0.00	11728	2568	2221	ce6f1ba08968cadde4e7f22853d5c490
95 core	32	3	trimal	0.00	3940	2568	2221	79e0634f63c96258385d628fb6165944
invariant site removal	56	3	Core-SNP-Filter	2.85	50284	4809037	3095	d5be966dc42fa945c480722fc95a8b88
invariant site removal	56	3	snp-sites	1.96	17688	4809037	3095	d5be966dc42fa945c480722fc95a8b88
invariant site removal	56	3	goalign 1 thread	12.81	866388	4809037	3095	d5be966dc42fa945c480722fc95a8b88
95 core	56	3	Core-SNP-Filter	0.00	2636	3095	2517	f8a60d5af49d01f6ba41a5826393db06
95 core	56	3	goalign 1 thread	0.01	12104	3095	2517	f8a60d5af49d01f6ba41a5826393db06
95 core	56	3	trimal	0.01	4256	3095	2517	dd40d658cd86d95a3501f5d018b4b87a
invariant site removal	100	3	Core-SNP-Filter	4.99	51220	4809037	3844	71a4ae61417b997d305142ef182fcb21
invariant site removal	100	3	snp-sites	3.72	16288	4809037	3844	71a4ae61417b997d305142ef182fcb21
invariant site removal	100	3	goalign 1 thread	21.38	1210840	4809037	3844	71a4ae61417b997d305142ef182fcb21
95 core	100	3	Core-SNP-Filter	0.12	2656	3844	3272	055cc1a61d617ccae2834dcd4c1da474
95 core	100	3	goalign 1 thread	0.02	16484	3844	3272	055cc1a61d617ccae2834dcd4c1da474
95 core	100	3	trimal	0.03	4456	3844	3272	e192d7b242d17c4c9fce3f774c70e21e
invariant site removal	180	3	Core-SNP-Filter	8.80	53156	4809037	6139	7b30838cc901ee7f65a8df0a02a05f8a
invariant site removal	180	3	snp-sites	6.02	18436	4809037	6139	7b30838cc901ee7f65a8df0a02a05f8a
invariant site removal	180	3	goalign 1 thread	38.62	1786848	4809037	6139	7b30838cc901ee7f65a8df0a02a05f8a
95 core	180	3	Core-SNP-Filter	0.01	2656	6139	5168	e18ec7bc541fe6350691cd44073231b5
95 core	180	3	goalign 1 thread	0.04	22632	6139	5168	e18ec7bc541fe6350691cd44073231b5
95 core	180	3	trimal	0.08	7096	6139	5168	4248309c6d16906399e55771b99e8236
invariant site removal	320	3	Core-SNP-Filter	15.52	50528	4809037	8048	76654901e7c67f887513487295bf7e3a
invariant site removal	320	3	snp-sites	11.21	16752	4809037	8048	76654901e7c67f887513487295bf7e3a
invariant site removal	320	3	goalign 1 thread	72.77	2962504	4809037	8048	76654901e7c67f887513487295bf7e3a
95 core	320	3	Core-SNP-Filter	0.07	2700	8048	6688	b8b8d20dfbb15e31e18e630938e5bcb9
95 core	320	3	goalign 1 thread	0.10	29608	8048	6688	b8b8d20dfbb15e31e18e630938e5bcb9
95 core	320	3	trimal	0.19	10668	8048	6688	7c4d019b311f83a9b4d9293af401758a
invariant site removal	560	3	Core-SNP-Filter	27.93	50612	4809037	14655	8b977e1d6f484f8a5262dfd045261bc2
invariant site removal	560	3	snp-sites	20.10	20856	4809037	14655	8b977e1d6f484f8a5262dfd045261bc2
invariant site removal	560	3	goalign 1 thread	142.25	4884556	4809037	14655	8b977e1d6f484f8a5262dfd045261bc2
95 core	560	3	Core-SNP-Filter	0.25	2808	14655	13055	907bf509f0e0aaa8817ede8e54538031
95 core	560	3	goalign 1 thread	0.29	62612	14655	13055	907bf509f0e0aaa8817ede8e54538031
95 core	560	3	trimal	0.63	27240	14655	13055	4098ac228356b616467a9753e1030402
invariant site removal	1000	3	Core-SNP-Filter	56.62	52816	4809037	26123	116520f8d6297c405e49b72915620b20
invariant site removal	1000	3	snp-sites	36.12	42944	4809037	26123	116520f8d6297c405e49b72915620b20
invariant site removal	1000	3	goalign 1 thread	505.50	7810124	4809037	26123	116520f8d6297c405e49b72915620b20
95 core	1000	3	Core-SNP-Filter	0.45	2748	26123	23679	3f0ccd0908ec02052e35fb335bcb9ab8
95 core	1000	3	goalign 1 thread	0.99	164192	26123	23679	3f0ccd0908ec02052e35fb335bcb9ab8
95 core	1000	3	trimal	2.07	81960	26123	23679	ef5b537ec930a220415ed7bd60af28be
invariant site removal	1800	3	Core-SNP-Filter	111.91	52040	4809037	28785	bdefcb13ac59b22a276da2614ebe0b1d
invariant site removal	1800	3	snp-sites	65.05	68404	4809037	28785	bdefcb13ac59b22a276da2614ebe0b1d
invariant site removal	1800	3	goalign 1 thread	815.66	14710716	4809037	28785	bdefcb13ac59b22a276da2614ebe0b1d
95 core	1800	3	Core-SNP-Filter	0.93	2684	28785	26409	383dca7de100c82c895c2af15595db13
95 core	1800	3	goalign 1 thread	2.18	284668	28785	26409	383dca7de100c82c895c2af15595db13
95 core	1800	3	trimal	4.01	155540	28785	26409	0a6d74d18a27ad805b3314bd5700abd3
invariant site removal	3200	3	Core-SNP-Filter	185.66	51048	4809037	39768	9e7695cea5ba11409cbcadc2517b5c4e
invariant site removal	3200	3	snp-sites	110.38	143248	4809037	39768	9e7695cea5ba11409cbcadc2517b5c4e
invariant site removal	3200	3	goalign 1 thread	1418.30	25409032	4809037	39768	9e7695cea5ba11409cbcadc2517b5c4e
95 core	3200	3	Core-SNP-Filter	2.51	3028	39768	36646	43eeb222e0fa10d3310d5bbde923ab2c
95 core	3200	3	goalign 1 thread	10.60	663708	39768	36646	43eeb222e0fa10d3310d5bbde923ab2c
95 core	3200	3	trimal	10.53	410096	39768	36646	c65720a3ae9281d5dbe9f627e4b83329
invariant site removal	5600	3	Core-SNP-Filter	343.09	51640	4809037	53786	950810bd939d03607f7e68b99fe1b151
invariant site removal	5600	3	snp-sites	194.85	320832	4809037	53786	950810bd939d03607f7e68b99fe1b151
invariant site removal	5600	3	goalign 1 thread	3985.14	43567660	4809037	53786	950810bd939d03607f7e68b99fe1b151
95 core	5600	3	Core-SNP-Filter	4.53	3200	53786	50163	4508f91d1905c95bdac58cb70267f0bf
95 core	5600	3	goalign 1 thread	26.22	2054476	53786	50163	4508f91d1905c95bdac58cb70267f0bf
95 core	5600	3	trimal	26.34	903456	53786	50163	ccbe2e336e37aca797015bcab2bb7068
invariant site removal	10000	3	Core-SNP-Filter	669.65	50684	4809037	68963	c089e22a9751869f7814920c161d092e
invariant site removal	10000	3	snp-sites	352.74	708892	4809037	68963	c089e22a9751869f7814920c161d092e
invariant site removal	10000	3	goalign 1 thread	8636.97	79498428	4809037	68963	c089e22a9751869f7814920c161d092e
95 core	10000	3	Core-SNP-Filter	12.16	3296	68963	64995	98ec4e494f111bde5fd6b27373a1afe4
95 core	10000	3	goalign 1 thread	68.41	4323916	68963	64995	98ec4e494f111bde5fd6b27373a1afe4
95 core	10000	3	trimal	61.64	2268724	68963	64995	e6598ca75fdcf85d05b1acf4d03208e1
invariant site removal	10	4	Core-SNP-Filter	0.58	50328	4809037	1082	7b446afef31ea5bd02493a2ffad3b91f
invariant site removal	10	4	snp-sites	0.38	16100	4809037	1082	7b446afef31ea5bd02493a2ffad3b91f
invariant site removal	10	4	goalign 1 thread	4.94	358784	4809037	1082	7b446afef31ea5bd02493a2ffad3b91f
95 core	10	4	Core-SNP-Filter	0.00	2640	1082	954	438a7213be6818b479032ed27b0bbe8c
95 core	10	4	goalign 1 thread	0.00	11104	1082	954	438a7213be6818b479032ed27b0bbe8c
95 core	10	4	trimal	0.04	3760	1082	954	438a7213be6818b479032ed27b0bbe8c
invariant site removal	18	4	Core-SNP-Filter	0.95	51948	4809037	1698	3a202304311fa0297796d5c1c7f978f0
invariant site removal	18	4	snp-sites	0.65	17860	4809037	1698	3a202304311fa0297796d5c1c7f978f0
invariant site removal	18	4	goalign 1 thread	6.26	473688	4809037	1698	3a202304311fa0297796d5c1c7f978f0
95 core	18	4	Core-SNP-Filter	0.00	2652	1698	1465	6e88ee5537abe0f5ad6d93aee05956d9
95 core	18	4	goalign 1 thread	0.00	10432	1698	1465	6e88ee5537abe0f5ad6d93aee05956d9
95 core	18	4	trimal	0.03	3748	1698	1465	6e88ee5537abe0f5ad6d93aee05956d9
invariant site removal	32	4	Core-SNP-Filter	1.64	53020	4809037	2568	11eaa1b458bae5c5bc07db2ff032adfb
invariant site removal	32	4	snp-sites	1.11	15880	4809037	2568	11eaa1b458bae5c5bc07db2ff032adfb
invariant site removal	32	4	goalign 1 thread	8.58	603672	4809037	2568	11eaa1b458bae5c5bc07db2ff032adfb
95 core	32	4	Core-SNP-Filter	0.00	2664	2568	2221	ce6f1ba08968cadde4e7f22853d5c490
95 core	32	4	goalign 1 thread	0.01	11916	2568	2221	ce6f1ba08968cadde4e7f22853d5c490
95 core	32	4	trimal	0.05	3956	2568	2221	79e0634f63c96258385d628fb6165944
invariant site removal	56	4	Core-SNP-Filter	2.79	50268	4809037	3095	d5be966dc42fa945c480722fc95a8b88
invariant site removal	56	4	snp-sites	2.12	16208	4809037	3095	d5be966dc42fa945c480722fc95a8b88
invariant site removal	56	4	goalign 1 thread	13.04	866368	4809037	3095	d5be966dc42fa945c480722fc95a8b88
95 core	56	4	Core-SNP-Filter	0.02	2664	3095	2517	f8a60d5af49d01f6ba41a5826393db06
95 core	56	4	goalign 1 thread	0.01	12264	3095	2517	f8a60d5af49d01f6ba41a5826393db06
95 core	56	4	trimal	0.06	4244	3095	2517	dd40d658cd86d95a3501f5d018b4b87a
invariant site removal	100	4	Core-SNP-Filter	4.92	53240	4809037	3844	71a4ae61417b997d305142ef182fcb21
invariant site removal	100	4	snp-sites	3.39	18040	4809037	3844	71a4ae61417b997d305142ef182fcb21
invariant site removal	100	4	goalign 1 thread	22.00	1213080	4809037	3844	71a4ae61417b997d305142ef182fcb21
95 core	100	4	Core-SNP-Filter	0.07	2704	3844	3272	055cc1a61d617ccae2834dcd4c1da474
95 core	100	4	goalign 1 thread	0.02	16228	3844	3272	055cc1a61d617ccae2834dcd4c1da474
95 core	100	4	trimal	0.03	4448	3844	3272	e192d7b242d17c4c9fce3f774c70e21e
invariant site removal	180	4	Core-SNP-Filter	9.09	52960	4809037	6139	7b30838cc901ee7f65a8df0a02a05f8a
invariant site removal	180	4	snp-sites	6.28	16172	4809037	6139	7b30838cc901ee7f65a8df0a02a05f8a
invariant site removal	180	4	goalign 1 thread	37.60	1759180	4809037	6139	7b30838cc901ee7f65a8df0a02a05f8a
95 core	180	4	Core-SNP-Filter	0.01	2764	6139	5168	e18ec7bc541fe6350691cd44073231b5
95 core	180	4	goalign 1 thread	0.04	22500	6139	5168	e18ec7bc541fe6350691cd44073231b5
95 core	180	4	trimal	0.08	7108	6139	5168	4248309c6d16906399e55771b99e8236
invariant site removal	320	4	Core-SNP-Filter	15.79	50644	4809037	8048	76654901e7c67f887513487295bf7e3a
invariant site removal	320	4	snp-sites	11.53	16756	4809037	8048	76654901e7c67f887513487295bf7e3a
invariant site removal	320	4	goalign 1 thread	74.51	2937176	4809037	8048	76654901e7c67f887513487295bf7e3a
95 core	320	4	Core-SNP-Filter	0.03	2784	8048	6688	b8b8d20dfbb15e31e18e630938e5bcb9
95 core	320	4	goalign 1 thread	0.11	26372	8048	6688	b8b8d20dfbb15e31e18e630938e5bcb9
95 core	320	4	trimal	0.20	10616	8048	6688	7c4d019b311f83a9b4d9293af401758a
invariant site removal	560	4	Core-SNP-Filter	27.26	50684	4809037	14655	8b977e1d6f484f8a5262dfd045261bc2
invariant site removal	560	4	snp-sites	19.83	20760	4809037	14655	8b977e1d6f484f8a5262dfd045261bc2
invariant site removal	560	4	goalign 1 thread	206.66	4654608	4809037	14655	8b977e1d6f484f8a5262dfd045261bc2
95 core	560	4	Core-SNP-Filter	0.09	2632	14655	13055	907bf509f0e0aaa8817ede8e54538031
95 core	560	4	goalign 1 thread	0.29	47296	14655	13055	907bf509f0e0aaa8817ede8e54538031
95 core	560	4	trimal	0.62	27384	14655	13055	4098ac228356b616467a9753e1030402
invariant site removal	1000	4	Core-SNP-Filter	48.55	50672	4809037	26123	116520f8d6297c405e49b72915620b20
invariant site removal	1000	4	snp-sites	37.29	42600	4809037	26123	116520f8d6297c405e49b72915620b20
invariant site removal	1000	4	goalign 1 thread	244.16	8571524	4809037	26123	116520f8d6297c405e49b72915620b20
95 core	1000	4	Core-SNP-Filter	0.30	2772	26123	23679	3f0ccd0908ec02052e35fb335bcb9ab8
95 core	1000	4	goalign 1 thread	1.00	165380	26123	23679	3f0ccd0908ec02052e35fb335bcb9ab8
95 core	1000	4	trimal	2.00	82032	26123	23679	ef5b537ec930a220415ed7bd60af28be
invariant site removal	1800	4	Core-SNP-Filter	87.27	52184	4809037	28785	bdefcb13ac59b22a276da2614ebe0b1d
invariant site removal	1800	4	snp-sites	65.08	69572	4809037	28785	bdefcb13ac59b22a276da2614ebe0b1d
invariant site removal	1800	4	goalign 1 thread	483.43	14633416	4809037	28785	bdefcb13ac59b22a276da2614ebe0b1d
95 core	1800	4	Core-SNP-Filter	0.56	2624	28785	26409	383dca7de100c82c895c2af15595db13
95 core	1800	4	goalign 1 thread	3.66	305648	28785	26409	383dca7de100c82c895c2af15595db13
95 core	1800	4	trimal	3.98	155680	28785	26409	0a6d74d18a27ad805b3314bd5700abd3
invariant site removal	3200	4	Core-SNP-Filter	155.85	51488	4809037	39768	9e7695cea5ba11409cbcadc2517b5c4e
invariant site removal	3200	4	snp-sites	109.65	146716	4809037	39768	9e7695cea5ba11409cbcadc2517b5c4e
invariant site removal	3200	4	goalign 1 thread	1420.27	25495716	4809037	39768	9e7695cea5ba11409cbcadc2517b5c4e
95 core	3200	4	Core-SNP-Filter	1.64	2956	39768	36646	43eeb222e0fa10d3310d5bbde923ab2c
95 core	3200	4	goalign 1 thread	10.51	589576	39768	36646	43eeb222e0fa10d3310d5bbde923ab2c
95 core	3200	4	trimal	10.56	409948	39768	36646	c65720a3ae9281d5dbe9f627e4b83329
invariant site removal	5600	4	Core-SNP-Filter	279.76	51748	4809037	53786	950810bd939d03607f7e68b99fe1b151
invariant site removal	5600	4	snp-sites	198.02	318144	4809037	53786	950810bd939d03607f7e68b99fe1b151
invariant site removal	5600	4	goalign 1 thread	3924.77	43559896	4809037	53786	950810bd939d03607f7e68b99fe1b151
95 core	5600	4	Core-SNP-Filter	4.67	3128	53786	50163	4508f91d1905c95bdac58cb70267f0bf
95 core	5600	4	goalign 1 thread	26.22	2018440	53786	50163	4508f91d1905c95bdac58cb70267f0bf
95 core	5600	4	trimal	26.07	903440	53786	50163	ccbe2e336e37aca797015bcab2bb7068
invariant site removal	10000	4	Core-SNP-Filter	510.17	51300	4809037	68963	c089e22a9751869f7814920c161d092e
invariant site removal	10000	4	snp-sites	355.57	709072	4809037	68963	c089e22a9751869f7814920c161d092e
invariant site removal	10000	4	goalign 1 thread	9393.91	77734440	4809037	68963	c089e22a9751869f7814920c161d092e
95 core	10000	4	Core-SNP-Filter	8.30	3216	68963	64995	98ec4e494f111bde5fd6b27373a1afe4
95 core	10000	4	goalign 1 thread	63.50	4228984	68963	64995	98ec4e494f111bde5fd6b27373a1afe4
95 core	10000	4	trimal	62.24	2268792	68963	64995	e6598ca75fdcf85d05b1acf4d03208e1
invariant site removal	10	5	Core-SNP-Filter	0.58	51288	4809037	1082	7b446afef31ea5bd02493a2ffad3b91f
invariant site removal	10	5	snp-sites	0.42	15928	4809037	1082	7b446afef31ea5bd02493a2ffad3b91f
invariant site removal	10	5	goalign 1 thread	4.80	361032	4809037	1082	7b446afef31ea5bd02493a2ffad3b91f
95 core	10	5	Core-SNP-Filter	0.00	2660	1082	954	438a7213be6818b479032ed27b0bbe8c
95 core	10	5	goalign 1 thread	0.00	11104	1082	954	438a7213be6818b479032ed27b0bbe8c
95 core	10	5	trimal	0.00	3720	1082	954	438a7213be6818b479032ed27b0bbe8c
invariant site removal	18	5	Core-SNP-Filter	0.97	53072	4809037	1698	3a202304311fa0297796d5c1c7f978f0
invariant site removal	18	5	snp-sites	0.62	16000	4809037	1698	3a202304311fa0297796d5c1c7f978f0
invariant site removal	18	5	goalign 1 thread	6.36	490528	4809037	1698	3a202304311fa0297796d5c1c7f978f0
95 core	18	5	Core-SNP-Filter	0.00	2552	1698	1465	6e88ee5537abe0f5ad6d93aee05956d9
95 core	18	5	goalign 1 thread	0.00	11352	1698	1465	6e88ee5537abe0f5ad6d93aee05956d9
95 core	18	5	trimal	0.00	3628	1698	1465	6e88ee5537abe0f5ad6d93aee05956d9
invariant site removal	32	5	Core-SNP-Filter	1.63	53032	4809037	2568	11eaa1b458bae5c5bc07db2ff032adfb
invariant site removal	32	5	snp-sites	1.13	16156	4809037	2568	11eaa1b458bae5c5bc07db2ff032adfb
invariant site removal	32	5	goalign 1 thread	9.25	632700	4809037	2568	11eaa1b458bae5c5bc07db2ff032adfb
95 core	32	5	Core-SNP-Filter	0.00	2664	2568	2221	ce6f1ba08968cadde4e7f22853d5c490
95 core	32	5	goalign 1 thread	0.00	13220	2568	2221	ce6f1ba08968cadde4e7f22853d5c490
95 core	32	5	trimal	0.00	3992	2568	2221	79e0634f63c96258385d628fb6165944
invariant site removal	56	5	Core-SNP-Filter	2.80	54856	4809037	3095	d5be966dc42fa945c480722fc95a8b88
invariant site removal	56	5	snp-sites	2.06	16060	4809037	3095	d5be966dc42fa945c480722fc95a8b88
invariant site removal	56	5	goalign 1 thread	13.27	866904	4809037	3095	d5be966dc42fa945c480722fc95a8b88
95 core	56	5	Core-SNP-Filter	0.02	2628	3095	2517	f8a60d5af49d01f6ba41a5826393db06
95 core	56	5	goalign 1 thread	0.17	13240	3095	2517	f8a60d5af49d01f6ba41a5826393db06
95 core	56	5	trimal	0.01	4200	3095	2517	dd40d658cd86d95a3501f5d018b4b87a
invariant site removal	100	5	Core-SNP-Filter	4.92	52588	4809037	3844	71a4ae61417b997d305142ef182fcb21
invariant site removal	100	5	snp-sites	3.39	16336	4809037	3844	71a4ae61417b997d305142ef182fcb21
invariant site removal	100	5	goalign 1 thread	22.95	1221592	4809037	3844	71a4ae61417b997d305142ef182fcb21
95 core	100	5	Core-SNP-Filter	0.00	2636	3844	3272	055cc1a61d617ccae2834dcd4c1da474
95 core	100	5	goalign 1 thread	0.02	15572	3844	3272	055cc1a61d617ccae2834dcd4c1da474
95 core	100	5	trimal	0.03	4392	3844	3272	e192d7b242d17c4c9fce3f774c70e21e
invariant site removal	180	5	Core-SNP-Filter	8.85	52400	4809037	6139	7b30838cc901ee7f65a8df0a02a05f8a
invariant site removal	180	5	snp-sites	6.16	18440	4809037	6139	7b30838cc901ee7f65a8df0a02a05f8a
invariant site removal	180	5	goalign 1 thread	38.95	1747280	4809037	6139	7b30838cc901ee7f65a8df0a02a05f8a
95 core	180	5	Core-SNP-Filter	0.08	2704	6139	5168	e18ec7bc541fe6350691cd44073231b5
95 core	180	5	goalign 1 thread	0.05	20568	6139	5168	e18ec7bc541fe6350691cd44073231b5
95 core	180	5	trimal	0.08	7188	6139	5168	4248309c6d16906399e55771b99e8236
invariant site removal	320	5	Core-SNP-Filter	15.51	51732	4809037	8048	76654901e7c67f887513487295bf7e3a
invariant site removal	320	5	snp-sites	11.42	17656	4809037	8048	76654901e7c67f887513487295bf7e3a
invariant site removal	320	5	goalign 1 thread	72.93	2885356	4809037	8048	76654901e7c67f887513487295bf7e3a
95 core	320	5	Core-SNP-Filter	0.03	2676	8048	6688	b8b8d20dfbb15e31e18e630938e5bcb9
95 core	320	5	goalign 1 thread	0.10	28600	8048	6688	b8b8d20dfbb15e31e18e630938e5bcb9
95 core	320	5	trimal	0.19	10696	8048	6688	7c4d019b311f83a9b4d9293af401758a
invariant site removal	560	5	Core-SNP-Filter	27.28	53180	4809037	14655	8b977e1d6f484f8a5262dfd045261bc2
invariant site removal	560	5	snp-sites	19.20	22976	4809037	14655	8b977e1d6f484f8a5262dfd045261bc2
invariant site removal	560	5	goalign 1 thread	136.95	4884496	4809037	14655	8b977e1d6f484f8a5262dfd045261bc2
95 core	560	5	Core-SNP-Filter	0.09	2640	14655	13055	907bf509f0e0aaa8817ede8e54538031
95 core	560	5	goalign 1 thread	0.29	60568	14655	13055	907bf509f0e0aaa8817ede8e54538031
95 core	560	5	trimal	0.62	27204	14655	13055	4098ac228356b616467a9753e1030402
invariant site removal	1000	5	Core-SNP-Filter	48.51	51592	4809037	26123	116520f8d6297c405e49b72915620b20
invariant site removal	1000	5	snp-sites	36.48	41808	4809037	26123	116520f8d6297c405e49b72915620b20
invariant site removal	1000	5	goalign 1 thread	249.47	8019768	4809037	26123	116520f8d6297c405e49b72915620b20
95 core	1000	5	Core-SNP-Filter	0.29	2684	26123	23679	3f0ccd0908ec02052e35fb335bcb9ab8
95 core	1000	5	goalign 1 thread	0.96	172032	26123	23679	3f0ccd0908ec02052e35fb335bcb9ab8
95 core	1000	5	trimal	2.02	82236	26123	23679	ef5b537ec930a220415ed7bd60af28be
invariant site removal	1800	5	Core-SNP-Filter	87.68	52292	4809037	28785	bdefcb13ac59b22a276da2614ebe0b1d
invariant site removal	1800	5	snp-sites	60.88	68776	4809037	28785	bdefcb13ac59b22a276da2614ebe0b1d
invariant site removal	1800	5	goalign 1 thread	867.35	14320276	4809037	28785	bdefcb13ac59b22a276da2614ebe0b1d
95 core	1800	5	Core-SNP-Filter	0.57	2716	28785	26409	383dca7de100c82c895c2af15595db13
95 core	1800	5	goalign 1 thread	3.57	313936	28785	26409	383dca7de100c82c895c2af15595db13
95 core	1800	5	trimal	3.94	155604	28785	26409	0a6d74d18a27ad805b3314bd5700abd3
invariant site removal	3200	5	Core-SNP-Filter	160.09	52568	4809037	39768	9e7695cea5ba11409cbcadc2517b5c4e
invariant site removal	3200	5	snp-sites	108.34	145364	4809037	39768	9e7695cea5ba11409cbcadc2517b5c4e
invariant site removal	3200	5	goalign 1 thread	1487.63	25444976	4809037	39768	9e7695cea5ba11409cbcadc2517b5c4e
95 core	3200	5	Core-SNP-Filter	1.41	3020	39768	36646	43eeb222e0fa10d3310d5bbde923ab2c
95 core	3200	5	goalign 1 thread	10.58	659484	39768	36646	43eeb222e0fa10d3310d5bbde923ab2c
95 core	3200	5	trimal	10.66	410088	39768	36646	c65720a3ae9281d5dbe9f627e4b83329
invariant site removal	5600	5	Core-SNP-Filter	331.46	52500	4809037	53786	950810bd939d03607f7e68b99fe1b151
invariant site removal	5600	5	snp-sites	190.56	321624	4809037	53786	950810bd939d03607f7e68b99fe1b151
invariant site removal	5600	5	goalign 1 thread	3865.91	46281660	4809037	53786	950810bd939d03607f7e68b99fe1b151
95 core	5600	5	Core-SNP-Filter	3.77	3020	53786	50163	4508f91d1905c95bdac58cb70267f0bf
95 core	5600	5	goalign 1 thread	26.55	2005052	53786	50163	4508f91d1905c95bdac58cb70267f0bf
95 core	5600	5	trimal	26.22	903552	53786	50163	ccbe2e336e37aca797015bcab2bb7068
invariant site removal	10000	5	Core-SNP-Filter	569.20	53088	4809037	68963	c089e22a9751869f7814920c161d092e
invariant site removal	10000	5	snp-sites	328.91	710396	4809037	68963	c089e22a9751869f7814920c161d092e
invariant site removal	10000	5	goalign 1 thread	8380.22	80146432	4809037	68963	c089e22a9751869f7814920c161d092e
95 core	10000	5	Core-SNP-Filter	7.68	3280	68963	64995	98ec4e494f111bde5fd6b27373a1afe4
95 core	10000	5	goalign 1 thread	59.05	4263628	68963	64995	98ec4e494f111bde5fd6b27373a1afe4
95 core	10000	5	trimal	61.77	2268780	68963	64995	e6598ca75fdcf85d05b1acf4d03208e1
invariant site removal	10	6	Core-SNP-Filter	0.57	51056	4809037	1082	7b446afef31ea5bd02493a2ffad3b91f
invariant site removal	10	6	snp-sites	0.37	16164	4809037	1082	7b446afef31ea5bd02493a2ffad3b91f
invariant site removal	10	6	goalign 1 thread	4.88	342132	4809037	1082	7b446afef31ea5bd02493a2ffad3b91f
95 core	10	6	Core-SNP-Filter	0.00	2636	1082	954	438a7213be6818b479032ed27b0bbe8c
95 core	10	6	goalign 1 thread	0.00	11108	1082	954	438a7213be6818b479032ed27b0bbe8c
95 core	10	6	trimal	0.03	3644	1082	954	438a7213be6818b479032ed27b0bbe8c
invariant site removal	18	6	Core-SNP-Filter	0.96	51552	4809037	1698	3a202304311fa0297796d5c1c7f978f0
invariant site removal	18	6	snp-sites	0.63	15872	4809037	1698	3a202304311fa0297796d5c1c7f978f0
invariant site removal	18	6	goalign 1 thread	6.32	468416	4809037	1698	3a202304311fa0297796d5c1c7f978f0
95 core	18	6	Core-SNP-Filter	0.00	2684	1698	1465	6e88ee5537abe0f5ad6d93aee05956d9
95 core	18	6	goalign 1 thread	0.00	13180	1698	1465	6e88ee5537abe0f5ad6d93aee05956d9
95 core	18	6	trimal	0.02	3688	1698	1465	6e88ee5537abe0f5ad6d93aee05956d9
invariant site removal	32	6	Core-SNP-Filter	1.64	50396	4809037	2568	11eaa1b458bae5c5bc07db2ff032adfb
invariant site removal	32	6	snp-sites	1.10	17888	4809037	2568	11eaa1b458bae5c5bc07db2ff032adfb
invariant site removal	32	6	goalign 1 thread	9.14	704772	4809037	2568	11eaa1b458bae5c5bc07db2ff032adfb
95 core	32	6	Core-SNP-Filter	0.00	2676	2568	2221	ce6f1ba08968cadde4e7f22853d5c490
95 core	32	6	goalign 1 thread	0.00	11740	2568	2221	ce6f1ba08968cadde4e7f22853d5c490
95 core	32	6	trimal	0.03	3992	2568	2221	79e0634f63c96258385d628fb6165944
invariant site removal	56	6	Core-SNP-Filter	2.79	51288	4809037	3095	d5be966dc42fa945c480722fc95a8b88
invariant site removal	56	6	snp-sites	2.00	16060	4809037	3095	d5be966dc42fa945c480722fc95a8b88
invariant site removal	56	6	goalign 1 thread	13.37	887348	4809037	3095	d5be966dc42fa945c480722fc95a8b88
95 core	56	6	Core-SNP-Filter	0.01	2664	3095	2517	f8a60d5af49d01f6ba41a5826393db06
95 core	56	6	goalign 1 thread	0.01	12660	3095	2517	f8a60d5af49d01f6ba41a5826393db06
95 core	56	6	trimal	0.05	4260	3095	2517	dd40d658cd86d95a3501f5d018b4b87a
invariant site removal	100	6	Core-SNP-Filter	4.91	51408	4809037	3844	71a4ae61417b997d305142ef182fcb21
invariant site removal	100	6	snp-sites	3.52	16412	4809037	3844	71a4ae61417b997d305142ef182fcb21
invariant site removal	100	6	goalign 1 thread	22.51	1214256	4809037	3844	71a4ae61417b997d305142ef182fcb21
95 core	100	6	Core-SNP-Filter	0.00	2708	3844	3272	055cc1a61d617ccae2834dcd4c1da474
95 core	100	6	goalign 1 thread	0.02	15460	3844	3272	055cc1a61d617ccae2834dcd4c1da474
95 core	100	6	trimal	0.03	4444	3844	3272	e192d7b242d17c4c9fce3f774c70e21e
invariant site removal	180	6	Core-SNP-Filter	8.79	52332	4809037	6139	7b30838cc901ee7f65a8df0a02a05f8a
invariant site removal	180	6	snp-sites	6.49	16172	4809037	6139	7b30838cc901ee7f65a8df0a02a05f8a
invariant site removal	180	6	goalign 1 thread	37.59	1728456	4809037	6139	7b30838cc901ee7f65a8df0a02a05f8a
95 core	180	6	Core-SNP-Filter	0.07	2668	6139	5168	e18ec7bc541fe6350691cd44073231b5
95 core	180	6	goalign 1 thread	0.04	22640	6139	5168	e18ec7bc541fe6350691cd44073231b5
95 core	180	6	trimal	0.08	7020	6139	5168	4248309c6d16906399e55771b99e8236
invariant site removal	320	6	Core-SNP-Filter	15.51	52004	4809037	8048	76654901e7c67f887513487295bf7e3a
invariant site removal	320	6	snp-sites	11.48	18212	4809037	8048	76654901e7c67f887513487295bf7e3a
invariant site removal	320	6	goalign 1 thread	72.99	2898948	4809037	8048	76654901e7c67f887513487295bf7e3a
95 core	320	6	Core-SNP-Filter	0.03	2744	8048	6688	b8b8d20dfbb15e31e18e630938e5bcb9
95 core	320	6	goalign 1 thread	0.10	31220	8048	6688	b8b8d20dfbb15e31e18e630938e5bcb9
95 core	320	6	trimal	0.19	10676	8048	6688	7c4d019b311f83a9b4d9293af401758a
invariant site removal	560	6	Core-SNP-Filter	27.07	53096	4809037	14655	8b977e1d6f484f8a5262dfd045261bc2
invariant site removal	560	6	snp-sites	19.47	22800	4809037	14655	8b977e1d6f484f8a5262dfd045261bc2
invariant site removal	560	6	goalign 1 thread	134.61	4892072	4809037	14655	8b977e1d6f484f8a5262dfd045261bc2
95 core	560	6	Core-SNP-Filter	0.09	2640	14655	13055	907bf509f0e0aaa8817ede8e54538031
95 core	560	6	goalign 1 thread	0.29	62612	14655	13055	907bf509f0e0aaa8817ede8e54538031
95 core	560	6	trimal	0.64	27304	14655	13055	4098ac228356b616467a9753e1030402
invariant site removal	1000	6	Core-SNP-Filter	48.37	51796	4809037	26123	116520f8d6297c405e49b72915620b20
invariant site removal	1000	6	snp-sites	35.91	43280	4809037	26123	116520f8d6297c405e49b72915620b20
invariant site removal	1000	6	goalign 1 thread	245.47	8006600	4809037	26123	116520f8d6297c405e49b72915620b20
95 core	1000	6	Core-SNP-Filter	0.30	2696	26123	23679	3f0ccd0908ec02052e35fb335bcb9ab8
95 core	1000	6	goalign 1 thread	1.00	173192	26123	23679	3f0ccd0908ec02052e35fb335bcb9ab8
95 core	1000	6	trimal	2.02	82016	26123	23679	ef5b537ec930a220415ed7bd60af28be
invariant site removal	1800	6	Core-SNP-Filter	87.11	54720	4809037	28785	bdefcb13ac59b22a276da2614ebe0b1d
invariant site removal	1800	6	snp-sites	62.57	71960	4809037	28785	bdefcb13ac59b22a276da2614ebe0b1d
invariant site removal	1800	6	goalign 1 thread	447.98	14311384	4809037	28785	bdefcb13ac59b22a276da2614ebe0b1d
95 core	1800	6	Core-SNP-Filter	0.60	2784	28785	26409	383dca7de100c82c895c2af15595db13
95 core	1800	6	goalign 1 thread	2.16	261448	28785	26409	383dca7de100c82c895c2af15595db13
95 core	1800	6	trimal	4.13	155448	28785	26409	0a6d74d18a27ad805b3314bd5700abd3
invariant site removal	3200	6	Core-SNP-Filter	162.93	51928	4809037	39768	9e7695cea5ba11409cbcadc2517b5c4e
invariant site removal	3200	6	snp-sites	114.11	146360	4809037	39768	9e7695cea5ba11409cbcadc2517b5c4e
invariant site removal	3200	6	goalign 1 thread	1441.84	25437628	4809037	39768	9e7695cea5ba11409cbcadc2517b5c4e
95 core	3200	6	Core-SNP-Filter	2.03	2944	39768	36646	43eeb222e0fa10d3310d5bbde923ab2c
95 core	3200	6	goalign 1 thread	6.73	673088	39768	36646	43eeb222e0fa10d3310d5bbde923ab2c
95 core	3200	6	trimal	10.47	410180	39768	36646	c65720a3ae9281d5dbe9f627e4b83329
invariant site removal	5600	6	Core-SNP-Filter	356.02	51452	4809037	53786	950810bd939d03607f7e68b99fe1b151
invariant site removal	5600	6	snp-sites	227.95	320264	4809037	53786	950810bd939d03607f7e68b99fe1b151
invariant site removal	5600	6	goalign 1 thread	3844.58	43524916	4809037	53786	950810bd939d03607f7e68b99fe1b151
95 core	5600	6	Core-SNP-Filter	4.17	3020	53786	50163	4508f91d1905c95bdac58cb70267f0bf
95 core	5600	6	goalign 1 thread	26.02	1995532	53786	50163	4508f91d1905c95bdac58cb70267f0bf
95 core	5600	6	trimal	26.04	903384	53786	50163	ccbe2e336e37aca797015bcab2bb7068
invariant site removal	10000	6	Core-SNP-Filter	622.44	53236	4809037	68963	c089e22a9751869f7814920c161d092e
invariant site removal	10000	6	snp-sites	351.64	707084	4809037	68963	c089e22a9751869f7814920c161d092e
invariant site removal	10000	6	goalign 1 thread	8459.85	77695740	4809037	68963	c089e22a9751869f7814920c161d092e
95 core	10000	6	Core-SNP-Filter	8.18	3308	68963	64995	98ec4e494f111bde5fd6b27373a1afe4
95 core	10000	6	goalign 1 thread	58.90	4230288	68963	64995	98ec4e494f111bde5fd6b27373a1afe4
95 core	10000	6	trimal	61.74	2268852	68963	64995	e6598ca75fdcf85d05b1acf4d03208e1
invariant site removal	10	7	Core-SNP-Filter	0.57	51820	4809037	1082	7b446afef31ea5bd02493a2ffad3b91f
invariant site removal	10	7	snp-sites	0.38	16084	4809037	1082	7b446afef31ea5bd02493a2ffad3b91f
invariant site removal	10	7	goalign 1 thread	4.74	381704	4809037	1082	7b446afef31ea5bd02493a2ffad3b91f
95 core	10	7	Core-SNP-Filter	0.01	2628	1082	954	438a7213be6818b479032ed27b0bbe8c
95 core	10	7	goalign 1 thread	0.00	11112	1082	954	438a7213be6818b479032ed27b0bbe8c
95 core	10	7	trimal	0.03	3708	1082	954	438a7213be6818b479032ed27b0bbe8c
invariant site removal	18	7	Core-SNP-Filter	0.96	52580	4809037	1698	3a202304311fa0297796d5c1c7f978f0
invariant site removal	18	7	snp-sites	0.68	15940	4809037	1698	3a202304311fa0297796d5c1c7f978f0
invariant site removal	18	7	goalign 1 thread	6.22	488960	4809037	1698	3a202304311fa0297796d5c1c7f978f0
95 core	18	7	Core-SNP-Filter	0.00	2748	1698	1465	6e88ee5537abe0f5ad6d93aee05956d9
95 core	18	7	goalign 1 thread	0.00	11160	1698	1465	6e88ee5537abe0f5ad6d93aee05956d9
95 core	18	7	trimal	0.00	3716	1698	1465	6e88ee5537abe0f5ad6d93aee05956d9
invariant site removal	32	7	Core-SNP-Filter	1.64	52260	4809037	2568	11eaa1b458bae5c5bc07db2ff032adfb
invariant site removal	32	7	snp-sites	1.09	17932	4809037	2568	11eaa1b458bae5c5bc07db2ff032adfb
invariant site removal	32	7	goalign 1 thread	9.11	616708	4809037	2568	11eaa1b458bae5c5bc07db2ff032adfb
95 core	32	7	Core-SNP-Filter	0.00	2704	2568	2221	ce6f1ba08968cadde4e7f22853d5c490
95 core	32	7	goalign 1 thread	0.01	13220	2568	2221	ce6f1ba08968cadde4e7f22853d5c490
95 core	32	7	trimal	0.00	3888	2568	2221	79e0634f63c96258385d628fb6165944
invariant site removal	56	7	Core-SNP-Filter	2.80	53048	4809037	3095	d5be966dc42fa945c480722fc95a8b88
invariant site removal	56	7	snp-sites	1.89	16024	4809037	3095	d5be966dc42fa945c480722fc95a8b88
invariant site removal	56	7	goalign 1 thread	13.90	866900	4809037	3095	d5be966dc42fa945c480722fc95a8b88
95 core	56	7	Core-SNP-Filter	0.01	2652	3095	2517	f8a60d5af49d01f6ba41a5826393db06
95 core	56	7	goalign 1 thread	0.01	14668	3095	2517	f8a60d5af49d01f6ba41a5826393db06
95 core	56	7	trimal	0.01	4172	3095	2517	dd40d658cd86d95a3501f5d018b4b87a
invariant site removal	100	7	Core-SNP-Filter	4.93	51748	4809037	3844	71a4ae61417b997d305142ef182fcb21
invariant site removal	100	7	snp-sites	3.99	18332	4809037	3844	71a4ae61417b997d305142ef182fcb21
invariant site removal	100	7	goalign 1 thread	22.24	1219344	4809037	3844	71a4ae61417b997d305142ef182fcb21
95 core	100	7	Core-SNP-Filter	0.01	2704	3844	3272	055cc1a61d617ccae2834dcd4c1da474
95 core	100	7	goalign 1 thread	0.02	16228	3844	3272	055cc1a61d617ccae2834dcd4c1da474
95 core	100	7	trimal	0.03	4468	3844	3272	e192d7b242d17c4c9fce3f774c70e21e
invariant site removal	180	7	Core-SNP-Filter	8.89	50232	4809037	6139	7b30838cc901ee7f65a8df0a02a05f8a
invariant site removal	180	7	snp-sites	6.55	16256	4809037	6139	7b30838cc901ee7f65a8df0a02a05f8a
invariant site removal	180	7	goalign 1 thread	38.45	1749464	4809037	6139	7b30838cc901ee7f65a8df0a02a05f8a
95 core	180	7	Core-SNP-Filter	0.01	2692	6139	5168	e18ec7bc541fe6350691cd44073231b5
95 core	180	7	goalign 1 thread	0.04	22768	6139	5168	e18ec7bc541fe6350691cd44073231b5
95 core	180	7	trimal	0.09	7092	6139	5168	4248309c6d16906399e55771b99e8236
invariant site removal	320	7	Core-SNP-Filter	16.86	50636	4809037	8048	76654901e7c67f887513487295bf7e3a
invariant site removal	320	7	snp-sites	11.21	16756	4809037	8048	76654901e7c67f887513487295bf7e3a
invariant site removal	320	7	goalign 1 thread	67.40	2938760	4809037	8048	76654901e7c67f887513487295bf7e3a
95 core	320	7	Core-SNP-Filter	0.04	2736	8048	6688	b8b8d20dfbb15e31e18e630938e5bcb9
95 core	320	7	goalign 1 thread	0.10	28548	8048	6688	b8b8d20dfbb15e31e18e630938e5bcb9
95 core	320	7	trimal	0.19	10728	8048	6688	7c4d019b311f83a9b4d9293af401758a
invariant site removal	560	7	Core-SNP-Filter	36.95	51904	4809037	14655	8b977e1d6f484f8a5262dfd045261bc2
invariant site removal	560	7	snp-sites	20.14	21916	4809037	14655	8b977e1d6f484f8a5262dfd045261bc2
invariant site removal	560	7	goalign 1 thread	130.36	5055928	4809037	14655	8b977e1d6f484f8a5262dfd045261bc2
95 core	560	7	Core-SNP-Filter	0.10	2748	14655	13055	907bf509f0e0aaa8817ede8e54538031
95 core	560	7	goalign 1 thread	0.30	44604	14655	13055	907bf509f0e0aaa8817ede8e54538031
95 core	560	7	trimal	0.63	27264	14655	13055	4098ac228356b616467a9753e1030402
invariant site removal	1000	7	Core-SNP-Filter	57.09	53056	4809037	26123	116520f8d6297c405e49b72915620b20
invariant site removal	1000	7	snp-sites	34.84	42584	4809037	26123	116520f8d6297c405e49b72915620b20
invariant site removal	1000	7	goalign 1 thread	242.54	8032844	4809037	26123	116520f8d6297c405e49b72915620b20
95 core	1000	7	Core-SNP-Filter	0.29	2632	26123	23679	3f0ccd0908ec02052e35fb335bcb9ab8
95 core	1000	7	goalign 1 thread	1.01	162672	26123	23679	3f0ccd0908ec02052e35fb335bcb9ab8
95 core	1000	7	trimal	2.04	82200	26123	23679	ef5b537ec930a220415ed7bd60af28be
invariant site removal	1800	7	Core-SNP-Filter	106.24	51284	4809037	28785	bdefcb13ac59b22a276da2614ebe0b1d
invariant site removal	1800	7	snp-sites	64.44	69728	4809037	28785	bdefcb13ac59b22a276da2614ebe0b1d
invariant site removal	1800	7	goalign 1 thread	461.33	14597600	4809037	28785	bdefcb13ac59b22a276da2614ebe0b1d
95 core	1800	7	Core-SNP-Filter	0.59	2636	28785	26409	383dca7de100c82c895c2af15595db13
95 core	1800	7	goalign 1 thread	2.16	313560	28785	26409	383dca7de100c82c895c2af15595db13
95 core	1800	7	trimal	4.04	155580	28785	26409	0a6d74d18a27ad805b3314bd5700abd3
invariant site removal	3200	7	Core-SNP-Filter	280.30	51056	4809037	39768	9e7695cea5ba11409cbcadc2517b5c4e
invariant site removal	3200	7	snp-sites	163.11	143272	4809037	39768	9e7695cea5ba11409cbcadc2517b5c4e
invariant site removal	3200	7	goalign 1 thread	1112.61	26847556	4809037	39768	9e7695cea5ba11409cbcadc2517b5c4e
95 core	3200	7	Core-SNP-Filter	1.42	2908	39768	36646	43eeb222e0fa10d3310d5bbde923ab2c
95 core	3200	7	goalign 1 thread	10.53	665628	39768	36646	43eeb222e0fa10d3310d5bbde923ab2c
95 core	3200	7	trimal	10.52	410128	39768	36646	c65720a3ae9281d5dbe9f627e4b83329
invariant site removal	5600	7	Core-SNP-Filter	391.31	53212	4809037	53786	950810bd939d03607f7e68b99fe1b151
invariant site removal	5600	7	snp-sites	203.02	320960	4809037	53786	950810bd939d03607f7e68b99fe1b151
invariant site removal	5600	7	goalign 1 thread	3627.98	43447380	4809037	53786	950810bd939d03607f7e68b99fe1b151
95 core	5600	7	Core-SNP-Filter	3.63	3200	53786	50163	4508f91d1905c95bdac58cb70267f0bf
95 core	5600	7	goalign 1 thread	26.42	2030768	53786	50163	4508f91d1905c95bdac58cb70267f0bf
95 core	5600	7	trimal	26.28	903468	53786	50163	ccbe2e336e37aca797015bcab2bb7068
invariant site removal	10000	7	Core-SNP-Filter	605.11	51248	4809037	68963	c089e22a9751869f7814920c161d092e
invariant site removal	10000	7	snp-sites	368.70	709108	4809037	68963	c089e22a9751869f7814920c161d092e
invariant site removal	10000	7	goalign 1 thread	8401.99	77877212	4809037	68963	c089e22a9751869f7814920c161d092e
95 core	10000	7	Core-SNP-Filter	17.97	3152	68963	64995	98ec4e494f111bde5fd6b27373a1afe4
95 core	10000	7	goalign 1 thread	59.84	3938504	68963	64995	98ec4e494f111bde5fd6b27373a1afe4
95 core	10000	7	trimal	62.49	2268748	68963	64995	e6598ca75fdcf85d05b1acf4d03208e1
invariant site removal	10	8	Core-SNP-Filter	0.58	51260	4809037	1082	7b446afef31ea5bd02493a2ffad3b91f
invariant site removal	10	8	snp-sites	0.36	16036	4809037	1082	7b446afef31ea5bd02493a2ffad3b91f
invariant site removal	10	8	goalign 1 thread	4.82	361036	4809037	1082	7b446afef31ea5bd02493a2ffad3b91f
95 core	10	8	Core-SNP-Filter	0.00	2640	1082	954	438a7213be6818b479032ed27b0bbe8c
95 core	10	8	goalign 1 thread	0.00	11104	1082	954	438a7213be6818b479032ed27b0bbe8c
95 core	10	8	trimal	0.00	3556	1082	954	438a7213be6818b479032ed27b0bbe8c
invariant site removal	18	8	Core-SNP-Filter	0.96	51508	4809037	1698	3a202304311fa0297796d5c1c7f978f0
invariant site removal	18	8	snp-sites	0.60	16044	4809037	1698	3a202304311fa0297796d5c1c7f978f0
invariant site removal	18	8	goalign 1 thread	6.30	490348	4809037	1698	3a202304311fa0297796d5c1c7f978f0
95 core	18	8	Core-SNP-Filter	0.00	2656	1698	1465	6e88ee5537abe0f5ad6d93aee05956d9
95 core	18	8	goalign 1 thread	0.00	13176	1698	1465	6e88ee5537abe0f5ad6d93aee05956d9
95 core	18	8	trimal	0.00	3680	1698	1465	6e88ee5537abe0f5ad6d93aee05956d9
invariant site removal	32	8	Core-SNP-Filter	1.66	50376	4809037	2568	11eaa1b458bae5c5bc07db2ff032adfb
invariant site removal	32	8	snp-sites	1.17	16084	4809037	2568	11eaa1b458bae5c5bc07db2ff032adfb
invariant site removal	32	8	goalign 1 thread	9.08	632728	4809037	2568	11eaa1b458bae5c5bc07db2ff032adfb
95 core	32	8	Core-SNP-Filter	0.00	2640	2568	2221	ce6f1ba08968cadde4e7f22853d5c490
95 core	32	8	goalign 1 thread	0.01	13220	2568	2221	ce6f1ba08968cadde4e7f22853d5c490
95 core	32	8	trimal	0.00	3828	2568	2221	79e0634f63c96258385d628fb6165944
invariant site removal	56	8	Core-SNP-Filter	2.80	52152	4809037	3095	d5be966dc42fa945c480722fc95a8b88
invariant site removal	56	8	snp-sites	2.04	16080	4809037	3095	d5be966dc42fa945c480722fc95a8b88
invariant site removal	56	8	goalign 1 thread	13.83	869520	4809037	3095	d5be966dc42fa945c480722fc95a8b88
95 core	56	8	Core-SNP-Filter	0.00	2580	3095	2517	f8a60d5af49d01f6ba41a5826393db06
95 core	56	8	goalign 1 thread	0.01	13240	3095	2517	f8a60d5af49d01f6ba41a5826393db06
95 core	56	8	trimal	0.01	4200	3095	2517	dd40d658cd86d95a3501f5d018b4b87a
invariant site removal	100	8	Core-SNP-Filter	4.91	51584	4809037	3844	71a4ae61417b997d305142ef182fcb21
invariant site removal	100	8	snp-sites	3.57	16244	4809037	3844	71a4ae61417b997d305142ef182fcb21
invariant site removal	100	8	goalign 1 thread	22.37	1215240	4809037	3844	71a4ae61417b997d305142ef182fcb21
95 core	100	8	Core-SNP-Filter	0.03	2712	3844	3272	055cc1a61d617ccae2834dcd4c1da474
95 core	100	8	goalign 1 thread	0.02	15468	3844	3272	055cc1a61d617ccae2834dcd4c1da474
95 core	100	8	trimal	0.03	4500	3844	3272	e192d7b242d17c4c9fce3f774c70e21e
invariant site removal	180	8	Core-SNP-Filter	8.77	50244	4809037	6139	7b30838cc901ee7f65a8df0a02a05f8a
invariant site removal	180	8	snp-sites	6.35	16180	4809037	6139	7b30838cc901ee7f65a8df0a02a05f8a
invariant site removal	180	8	goalign 1 thread	37.19	1790932	4809037	6139	7b30838cc901ee7f65a8df0a02a05f8a
95 core	180	8	Core-SNP-Filter	0.02	2700	6139	5168	e18ec7bc541fe6350691cd44073231b5
95 core	180	8	goalign 1 thread	0.05	22824	6139	5168	e18ec7bc541fe6350691cd44073231b5
95 core	180	8	trimal	0.08	7136	6139	5168	4248309c6d16906399e55771b99e8236
invariant site removal	320	8	Core-SNP-Filter	15.59	52888	4809037	8048	76654901e7c67f887513487295bf7e3a
invariant site removal	320	8	snp-sites	11.34	18332	4809037	8048	76654901e7c67f887513487295bf7e3a
invariant site removal	320	8	goalign 1 thread	65.10	2938696	4809037	8048	76654901e7c67f887513487295bf7e3a
95 core	320	8	Core-SNP-Filter	0.05	2736	8048	6688	b8b8d20dfbb15e31e18e630938e5bcb9
95 core	320	8	goalign 1 thread	0.10	31236	8048	6688	b8b8d20dfbb15e31e18e630938e5bcb9
95 core	320	8	trimal	0.20	10656	8048	6688	7c4d019b311f83a9b4d9293af401758a
invariant site removal	560	8	Core-SNP-Filter	29.48	52892	4809037	14655	8b977e1d6f484f8a5262dfd045261bc2
invariant site removal	560	8	snp-sites	18.75	22724	4809037	14655	8b977e1d6f484f8a5262dfd045261bc2
invariant site removal	560	8	goalign 1 thread	201.67	4787980	4809037	14655	8b977e1d6f484f8a5262dfd045261bc2
95 core	560	8	Core-SNP-Filter	0.10	2708	14655	13055	907bf509f0e0aaa8817ede8e54538031
95 core	560	8	goalign 1 thread	0.30	60416	14655	13055	907bf509f0e0aaa8817ede8e54538031
95 core	560	8	trimal	0.63	27220	14655	13055	4098ac228356b616467a9753e1030402
invariant site removal	1000	8	Core-SNP-Filter	60.42	52512	4809037	26123	116520f8d6297c405e49b72915620b20
invariant site removal	1000	8	snp-sites	36.55	42788	4809037	26123	116520f8d6297c405e49b72915620b20
invariant site removal	1000	8	goalign 1 thread	554.09	7825500	4809037	26123	116520f8d6297c405e49b72915620b20
95 core	1000	8	Core-SNP-Filter	0.82	2652	26123	23679	3f0ccd0908ec02052e35fb335bcb9ab8
95 core	1000	8	goalign 1 thread	1.00	160752	26123	23679	3f0ccd0908ec02052e35fb335bcb9ab8
95 core	1000	8	trimal	2.05	82016	26123	23679	ef5b537ec930a220415ed7bd60af28be
invariant site removal	1800	8	Core-SNP-Filter	97.14	52452	4809037	28785	bdefcb13ac59b22a276da2614ebe0b1d
invariant site removal	1800	8	snp-sites	62.13	69648	4809037	28785	bdefcb13ac59b22a276da2614ebe0b1d
invariant site removal	1800	8	goalign 1 thread	882.06	14299200	4809037	28785	bdefcb13ac59b22a276da2614ebe0b1d
95 core	1800	8	Core-SNP-Filter	0.85	2628	28785	26409	383dca7de100c82c895c2af15595db13
95 core	1800	8	goalign 1 thread	3.58	309116	28785	26409	383dca7de100c82c895c2af15595db13
95 core	1800	8	trimal	3.99	155648	28785	26409	0a6d74d18a27ad805b3314bd5700abd3
invariant site removal	3200	8	Core-SNP-Filter	190.33	53212	4809037	39768	9e7695cea5ba11409cbcadc2517b5c4e
invariant site removal	3200	8	snp-sites	115.72	146352	4809037	39768	9e7695cea5ba11409cbcadc2517b5c4e
invariant site removal	3200	8	goalign 1 thread	1142.85	25445188	4809037	39768	9e7695cea5ba11409cbcadc2517b5c4e
95 core	3200	8	Core-SNP-Filter	1.56	2856	39768	36646	43eeb222e0fa10d3310d5bbde923ab2c
95 core	3200	8	goalign 1 thread	7.02	583668	39768	36646	43eeb222e0fa10d3310d5bbde923ab2c
95 core	3200	8	trimal	10.61	410076	39768	36646	c65720a3ae9281d5dbe9f627e4b83329
invariant site removal	5600	8	Core-SNP-Filter	287.62	51788	4809037	53786	950810bd939d03607f7e68b99fe1b151
invariant site removal	5600	8	snp-sites	212.68	318320	4809037	53786	950810bd939d03607f7e68b99fe1b151
invariant site removal	5600	8	goalign 1 thread	3955.98	43524740	4809037	53786	950810bd939d03607f7e68b99fe1b151
95 core	5600	8	Core-SNP-Filter	3.48	2984	53786	50163	4508f91d1905c95bdac58cb70267f0bf
95 core	5600	8	goalign 1 thread	27.62	2040920	53786	50163	4508f91d1905c95bdac58cb70267f0bf
95 core	5600	8	trimal	26.37	903456	53786	50163	ccbe2e336e37aca797015bcab2bb7068
invariant site removal	10000	8	Core-SNP-Filter	502.35	50884	4809037	68963	c089e22a9751869f7814920c161d092e
invariant site removal	10000	8	snp-sites	352.12	709052	4809037	68963	c089e22a9751869f7814920c161d092e
invariant site removal	10000	8	goalign 1 thread	10135.85	77931652	4809037	68963	c089e22a9751869f7814920c161d092e
95 core	10000	8	Core-SNP-Filter	17.77	3232	68963	64995	98ec4e494f111bde5fd6b27373a1afe4
95 core	10000	8	goalign 1 thread	68.74	3848028	68963	64995	98ec4e494f111bde5fd6b27373a1afe4
95 core	10000	8	trimal	62.39	2268804	68963	64995	e6598ca75fdcf85d05b1acf4d03208e1
